CustomerOrderItemID,CustomerOrderID,ProductID,Quantity,SpecialInstructions
1,1,27,2,
2,2,38,2,
3,2,2,2,
4,2,37,2,Figlio storia bisogno.
5,2,25,2,
6,3,28,2,
7,3,32,3,
8,3,2,3,
9,4,38,3,
10,4,37,2,
11,4,2,2,
12,4,6,1,
13,5,17,3,
14,5,6,2,
15,5,31,1,
16,5,2,3,
17,6,10,3,Albero ricordare personale coscienza.
18,6,16,2,
19,6,9,2,
20,6,31,3,Contare dove famoso inutile.
21,6,8,3,
22,7,37,3,
23,7,25,3,
24,7,26,3,
25,8,37,1,
26,9,1,1,
27,9,27,2,
28,9,32,2,
29,10,40,2,
30,10,35,3,
31,10,31,2,Donna ciò calcio.
32,11,40,2,
33,11,25,1,
34,11,22,2,
35,11,2,3,
36,11,32,2,
37,12,36,2,
38,12,16,1,
39,12,31,2,
40,12,32,2,
41,13,36,2,
42,13,22,1,
43,13,23,1,
44,13,30,3,
45,14,38,2,Nome bisognare nascondere neanche domenica tuo.
46,14,34,1,
47,14,39,2,
48,15,36,2,
49,16,37,2,
50,17,31,2,
51,17,8,3,
52,17,5,1,
53,18,36,2,
54,19,29,2,
55,19,20,1,
56,19,38,3,
57,19,28,1,
58,20,5,3,
59,20,11,2,
60,20,1,2,
61,20,27,3,O compiere estremo strano.
62,20,29,1,
63,21,28,3,
64,21,8,1,Invitare carta lingua povero braccio armare.
65,22,37,3,
66,22,19,2,Governo pronto strada perché prima.
67,22,29,3,
68,22,8,2,
69,22,30,1,Partire età segno provocare possibile.
70,23,38,1,
71,23,2,3,
72,23,18,2,
73,23,37,3,
74,23,3,2,Autorità termine rifiutare notte basso scendere.
75,24,11,2,
76,25,3,2,
77,25,30,2,Bello estero piangere rimettere linea.
78,25,6,1,
79,25,21,3,
80,25,17,1,
81,26,4,1,Chiaro studiare disposizione fumare.
82,26,14,2,Produrre porre rosso stanco.
83,26,18,2,
84,26,36,3,
85,27,27,1,
86,27,6,1,
87,27,15,3,
88,27,8,3,
89,27,30,2,Maggiore attaccare cadere lungo smettere.
90,28,33,2,Ringraziare pagare caratteristico bisogno.
91,28,9,3,
92,28,5,1,
93,28,18,2,Ferire piccolo salire.
94,28,27,3,Lei oppure di difficile collina ma.
95,29,22,2,
96,29,36,2,Finire secondo oppure.
97,29,35,3,
98,30,31,2,Noto fino privato comporre posizione.
99,30,25,1,
100,30,10,3,
101,31,1,2,
102,31,10,2,
103,31,27,3,
104,31,5,1,Sicuro calcio organizzare fenomeno bene isola.
105,32,35,1,
106,32,3,2,Uno attesa brutto secondo.
107,32,40,3,
108,32,5,1,
109,33,3,2,
110,34,34,3,
111,34,27,1,
112,35,32,1,
113,35,38,3,
114,36,19,2,Fermare piano assicurare crisi certamente.
115,36,35,3,
116,36,11,2,
117,36,5,2,Suo periodo a chilometro ci mondo.
118,37,23,2,
119,37,37,3,
120,37,19,1,Partire istituto correre sposare escludere.
121,37,2,3,
122,37,26,2,
123,38,17,2,
124,38,9,2,
125,38,7,1,Temere trasformare pure tavolo.
126,38,3,2,
127,38,20,1,
128,39,11,2,
129,39,17,2,Ognuno parlare meritare.
130,39,31,2,Sole assistere successo.
131,40,36,1,
132,40,24,1,
133,40,6,3,
134,40,26,2,
135,41,2,3,
136,41,40,1,
137,41,36,2,A nome villa.
138,41,21,2,
139,42,32,1,Sorridere spalla desiderio.
140,42,8,1,
141,42,7,2,
142,43,27,2,
143,43,7,2,
144,44,24,3,
145,44,7,3,
146,45,6,1,
147,45,14,1,Grave famiglia giro giovanotto naturalmente ponte.
148,45,39,3,
149,45,2,3,
150,46,1,2,
151,46,18,1,
152,46,10,1,
153,46,9,2,
154,46,35,1,
155,47,34,2,
156,47,8,3,
157,47,5,2,
158,47,31,3,
159,48,4,2,Certamente nessuno sino fretta improvviso eh.
160,49,5,1,
161,49,6,2,
162,49,21,3,
163,49,39,2,
164,50,28,2,
165,50,7,1,
166,50,8,2,
167,50,36,3,
168,50,14,2,
169,51,5,3,
170,51,6,1,
171,51,28,3,Causa atto affatto.
172,51,7,3,
173,52,4,2,
174,52,19,3,
175,52,39,3,
176,52,20,1,
177,53,15,3,Poiché vestito celebrare centro scopo sorgere.
178,53,28,3,
179,53,36,1,
180,53,40,2,Togliere pazzo latte infine seguire giudizio.
181,53,2,2,
182,54,2,3,
183,54,6,2,
184,55,39,3,
185,55,6,1,
186,55,4,3,
187,55,10,3,
188,55,11,2,
189,56,38,3,
190,56,32,1,
191,56,34,3,
192,57,19,1,
193,57,21,2,
194,57,8,2,
195,58,5,2,
196,58,26,1,Conoscenza pagare offendere sociale.
197,58,3,3,
198,59,26,1,Provocare domandare testa occorrere.
199,60,6,1,
200,60,28,2,
201,60,7,2,Vicino nudo pronto.
202,61,33,3,
203,62,16,1,
204,62,7,1,
205,63,30,3,Oggi valle avanti.
206,63,37,3,
207,63,38,3,
208,63,29,3,
209,64,18,2,
210,64,38,2,
211,64,4,1,
212,65,40,3,
213,66,29,3,
214,67,29,1,Vista vita ritrovare liberare autore storico.
215,68,3,3,
216,68,16,2,
217,69,25,3,
218,69,27,3,
219,69,22,1,
220,70,10,2,Diffondere perciò popolazione.
221,70,22,3,
222,70,6,1,
223,70,38,1,
224,70,23,2,
225,71,6,2,
226,71,28,1,
227,71,33,2,
228,71,24,1,
229,71,2,2,Presente muovere oggetto.
230,72,3,2,
231,72,22,1,Arma fissare ritrovare limitare mese limite.
232,72,40,3,Industria valere sbagliare elemento amore.
233,72,9,1,
234,72,39,1,
235,73,19,2,Repubblica quanto nostro assicurare lo compagnia.
236,73,29,2,Poesia energia raggiungere.
237,73,15,1,
238,73,35,3,Effetto avvenire meglio.
239,73,16,2,
240,74,13,1,Direttore partire dottore disporre.
241,74,39,1,
242,75,8,2,Paese tacere rapido.
243,75,19,1,Generale comune rivedere destino concludere.
244,75,6,1,Sorridere fiore avvicinare chiedere tranquillo cittadino.
245,75,11,1,Ricchezza importanza giro polizia qualunque commissione.
246,75,18,2,Raccogliere foglia pezzo ricevere cambiare commissione.
247,76,25,2,
248,76,6,2,Luce luce ufficiale termine desiderare.
249,77,3,2,
250,77,19,1,
251,78,17,1,Loro chiedere speranza acqua tipo.
252,79,19,1,
253,80,30,3,
254,80,5,3,
255,80,8,3,
256,80,32,2,
257,80,39,2,
258,81,24,3,
259,81,5,2,Girare faccia momento uno bello.
260,81,34,1,
261,81,35,2,
262,81,33,1,
263,82,38,3,
264,83,30,3,
265,83,31,1,
266,84,3,2,
267,84,21,3,
268,85,22,2,
269,86,22,3,
270,86,12,1,
271,86,32,1,
272,86,24,1,
273,87,29,1,
274,87,39,2,
275,87,28,3,Persona uomo insomma tedesco soprattutto figurare.
276,88,5,3,
277,89,10,3,
278,90,24,1,
279,90,25,3,
280,90,37,2,
281,91,21,1,
282,91,18,2,
283,91,16,3,
284,91,8,2,
285,92,13,2,
286,92,8,3,
287,92,9,1,Scendere discorso oltre lei.
288,92,5,2,
289,93,11,3,
290,93,12,1,
291,93,24,1,
292,94,36,1,
293,94,9,3,
294,94,40,3,
295,94,6,2,Raccogliere operazione contento finalmente.
296,95,30,3,
297,95,34,1,
298,95,23,1,
299,95,9,1,Europeo accorgersi accogliere attento.
300,96,23,2,Bene bocca istante croce eccellenza.
301,96,34,2,
302,97,35,3,
303,97,6,3,
304,97,33,3,
305,97,11,3,
306,97,38,1,
307,98,27,2,
308,98,40,2,
309,98,2,3,
310,98,32,2,
311,98,35,1,
312,99,21,2,
313,99,23,2,
314,100,29,1,
315,100,16,2,Ammettere passione arte ordine.
316,100,10,2,
317,101,11,3,
318,101,32,2,
319,102,14,2,
320,102,38,2,
321,103,28,1,Ultimo personaggio proprio cane.
322,104,36,2,
323,104,13,3,
324,104,24,3,
325,104,19,1,
326,104,5,1,
327,105,39,2,
328,105,33,1,
329,106,39,1,
330,106,33,3,
331,107,22,2,
332,107,33,1,
333,107,35,3,
334,107,32,2,
335,107,37,3,Carta poesia subito notizia vendere studiare.
336,108,37,1,
337,108,15,3,
338,108,4,2,
339,108,38,3,
340,108,31,3,Direzione libertà trascinare personaggio.
341,109,10,3,Riportare principale porto riprendere.
342,109,27,3,
343,109,14,3,
344,109,33,1,
345,110,30,2,
346,110,35,3,
347,111,16,3,
348,111,18,2,
349,112,31,3,
350,112,23,1,
351,112,36,3,
352,113,3,2,Coloro attorno ritornare giro.
353,113,19,3,
354,113,6,2,
355,114,7,3,
356,114,40,1,
357,115,22,1,Vuoto disposizione se con attesa.
358,115,31,1,
359,115,7,2,
360,115,9,1,
361,116,37,1,
362,117,3,2,
363,117,26,3,Parere con mandare chiaro.
364,118,22,2,
365,119,33,2,
366,119,30,1,
367,120,22,2,
368,121,28,2,
369,121,33,1,Cristiano piacere tanto pubblico bisogno.
370,121,21,2,
371,121,6,1,
372,122,20,1,
373,122,38,2,
374,122,37,1,
375,123,20,1,
376,123,8,1,
377,123,19,2,
378,123,24,3,
379,123,40,3,
380,124,39,3,
381,124,6,3,
382,125,13,2,Attimo quanto ritornare.
383,125,37,2,
384,125,35,1,
385,125,10,2,
386,125,11,3,
387,126,37,3,Studiare chiudere però.
388,126,4,3,
389,126,36,2,Popolo dolce produzione.
390,126,30,3,
391,127,4,2,
392,127,5,1,
393,127,31,3,
394,127,3,2,
395,127,19,2,
396,128,9,2,
397,128,23,3,Occasione metro triste mancare interessare.
398,128,8,1,
399,128,12,2,
400,128,35,3,
401,129,18,3,
402,129,13,1,Muro abitare unire.
403,130,16,1,
404,131,16,3,
405,132,9,3,Cantare morire volontà figlio esperienza arrivare.
406,133,16,3,
407,133,20,2,
408,133,10,1,
409,134,32,2,
410,134,4,2,
411,134,23,2,
412,134,25,3,
413,134,34,1,
414,135,27,1,
415,135,36,2,
416,135,34,2,Fuoco solito finestra.
417,135,9,1,
418,135,25,1,
419,136,13,3,
420,137,20,1,Ridurre elettrico coraggio nero venire.
421,137,1,1,
422,137,14,2,Esame giù bravo prezzo.
423,138,36,2,
424,138,21,3,
425,139,30,1,
426,139,7,2,
427,139,31,1,
428,139,21,1,
429,140,13,1,
430,140,22,1,
431,141,32,1,
432,141,30,3,
433,141,11,3,Avvocato perfino raccontare certo contare qua.
434,141,23,1,
435,142,9,1,
436,142,15,2,
437,142,5,3,
438,142,10,3,Di giusto salire piacere materia vecchio.
439,143,1,3,Vendere affermare fine finalmente qualche.
440,143,2,1,
441,143,34,3,
442,143,18,1,
443,144,17,2,Campagna scoprire porto legge preciso.
444,144,23,2,
445,144,18,3,
446,144,26,3,Chiudere oggetto territorio anche chi piuttosto.
447,144,6,1,
448,145,36,3,
449,145,31,2,Sviluppo passato differenza piazza adesso perfetto.
450,145,4,3,
451,145,1,3,Seguito bello parlare sicurezza.
452,146,31,3,
453,146,18,1,Segno bravo marito.
454,146,3,2,
455,146,5,1,
456,146,35,3,Cucina scomparire inizio scusare viso preciso.
457,147,25,3,
458,147,35,2,
459,147,22,2,
460,147,9,1,
461,147,6,3,Cantare presente nave fatto vecchio.
462,148,32,2,
463,148,15,3,
464,148,23,2,
465,148,36,3,
466,149,10,1,
467,149,25,2,
468,149,21,2,
469,149,24,1,
470,150,2,1,
471,151,1,1,
472,151,19,3,Rifiutare oramai film cantare.
473,151,27,1,
474,151,25,1,
475,152,5,2,
476,152,11,2,
477,153,39,1,
478,153,40,1,Riconoscere commissione genere.
479,153,13,2,Interno terzo animale bestia.
480,153,30,2,Parola ritorno affatto maggio accendere concetto bagno.
481,154,9,2,
482,154,20,2,Stazione impressione scoprire rispondere principe corsa.
483,154,21,2,
484,154,39,3,
485,154,13,3,
486,155,24,3,Ministro imporre tratto parete.
487,155,8,1,
488,155,37,3,
489,155,13,3,
490,156,27,3,
491,157,25,2,
492,157,5,3,
493,157,29,3,
494,157,39,1,
495,158,7,1,
496,159,26,1,
497,159,22,3,
498,159,28,3,
499,159,7,3,
500,159,1,2,
501,160,2,2,
502,160,31,1,
503,160,7,3,
504,161,31,1,
505,161,23,3,
506,161,7,2,
507,161,29,3,Organizzare punto parlare.
508,161,21,3,
509,162,15,2,
510,162,26,3,Pensare rivedere fondo.
511,162,12,2,
512,162,28,2,
513,163,37,1,
514,164,17,3,No contadino voce.
515,165,26,3,
516,165,38,3,
517,165,8,2,Passato sorriso voce.
518,165,23,3,
519,165,30,1,
520,166,33,2,
521,166,25,3,
522,167,36,2,
523,167,11,1,
524,168,32,1,
525,169,32,1,
526,169,27,1,
527,169,29,2,
528,169,11,2,
529,170,36,1,
530,170,33,3,Croce riprendere politica dove contatto sapere.
531,170,8,2,
532,170,37,1,
533,171,16,2,Massa collo termine armare funzione coscienza.
534,172,29,1,
535,173,40,3,
536,173,28,1,Figura scomparire ricordare annunciare.
537,173,11,1,
538,174,19,3,Territorio comunicazione roba.
539,174,37,3,Metro attività desiderio io oggetto indicare.
540,174,18,1,Dedicare buio decidere determinare importante.
541,175,9,1,
542,175,16,1,
543,176,27,1,
544,176,25,1,
545,176,29,3,
546,177,30,3,
547,178,14,2,
548,178,32,3,
549,178,18,2,
550,178,21,3,
551,179,2,2,
552,179,8,2,
553,179,11,3,Giocare cucina lingua madre.
554,179,29,3,
555,180,24,3,Chiedere tirare latte giustizia centrale.
556,181,28,3,
557,181,6,1,
558,182,1,3,
559,182,22,1,
560,182,8,1,
561,182,28,1,
562,183,10,3,
563,183,5,3,
564,184,27,3,
565,184,40,1,
566,185,23,1,
567,185,28,1,
568,185,21,3,
569,185,9,3,
570,186,34,3,
571,186,39,2,
572,187,32,1,
573,187,39,1,Perfetto vi coprire caratteristico.
574,188,27,1,
575,188,24,1,
576,188,35,1,
577,188,12,1,Aspetto centrale soldato legge compiere fissare.
578,188,31,2,
579,189,26,1,
580,189,6,2,
581,189,35,1,Paese russo personaggio parlare.
582,189,40,1,
583,190,20,3,
584,191,30,3,
585,192,8,3,
586,192,1,1,
587,193,11,3,
588,193,24,2,
589,193,9,1,
590,194,37,2,
591,194,5,1,
592,194,32,3,
593,195,15,3,
594,196,10,3,
595,196,12,2,
596,196,3,1,
597,196,36,3,
598,197,12,1,Offendere nemmeno dedicare imporre.
599,198,20,3,
600,198,21,2,
601,198,6,3,
602,199,13,1,Male vostro ora sicuro dunque quello.
603,199,35,1,
604,199,16,2,
605,199,10,3,Dinanzi intenzione cultura tipo.
606,200,7,1,
607,200,14,1,Tardi stupido in.
608,200,34,1,
609,201,27,1,
610,201,24,3,Anima linea ripetere.
611,201,30,1,
612,201,6,1,
613,201,38,1,
614,202,21,1,
615,202,29,1,
616,202,18,3,
617,203,8,2,
618,203,35,2,Iniziare grave scrivere.
619,203,23,1,
620,203,14,3,
621,204,10,2,
622,204,6,1,
623,204,16,2,Lasciare dietro nobile.
624,205,36,1,
625,205,16,1,
626,205,7,2,
627,205,30,3,Principio ieri crisi.
628,205,9,1,
629,206,29,1,Eppure pianura bambino luogo espressione.
630,206,9,2,
631,207,26,3,
632,207,32,2,
633,207,2,1,
634,207,25,2,Soprattutto relazione allontanare latte rispetto.
635,208,32,2,
636,208,27,2,
637,208,36,2,
638,209,2,2,
639,209,25,3,
640,209,23,2,
641,209,31,1,
642,209,35,1,
643,210,15,3,Congresso spesa pensare promettere abbandonare.
644,210,11,3,
645,210,7,1,
646,210,16,2,
647,210,18,1,
648,211,2,2,
649,211,23,1,
650,211,37,1,
651,211,10,3,
652,211,13,3,
653,212,12,1,
654,212,21,3,Attività straordinario figlio amico inizio domandare uccider
655,212,4,1,Occhio corso presenza passo film tornare.
656,213,38,2,
657,213,7,1,
658,213,22,2,
659,213,20,2,
660,214,23,2,
661,214,15,2,
662,214,38,3,
663,214,12,3,Tutto potere stesso buono fuori passione.
664,214,25,2,Futuro pianura pronto non risposta.
665,215,15,2,
666,215,37,1,
667,215,7,2,
668,215,32,1,Visita di caffè.
669,215,10,3,
670,216,23,2,
671,217,11,2,
672,217,27,1,Raggiungere resto sperare programma ricchezza ridurre.
673,217,32,3,
674,217,25,3,
675,218,7,1,Fortuna dolore prendere dovere assoluto.
676,218,5,1,
677,218,22,3,Lasciare mattina serio linea montagna.
678,219,2,2,
679,219,28,1,
680,219,11,1,
681,219,39,3,
682,220,4,2,
683,221,6,1,
684,221,19,1,
685,221,39,2,Subito lasciare gatto potenza principio vicino.
686,221,31,2,Consentire stare baciare.
687,222,6,1,
688,222,35,2,
689,222,25,2,
690,223,4,3,
691,223,10,3,
692,223,7,1,Stupido eh uomo brutto dove.
693,223,6,3,
694,223,23,3,
695,224,26,3,
696,225,10,1,Mare spiegare milione.
697,225,8,1,
698,225,29,1,Albero improvviso preparare tono lontano indietro raggiunger
699,225,12,2,
700,225,11,3,
701,226,6,2,
702,227,40,3,
703,228,38,2,Energia assoluto spesa.
704,228,7,2,
705,228,37,2,
706,228,19,2,
707,228,35,2,
708,229,26,2,
709,230,22,2,
710,231,9,3,
711,231,20,2,
712,232,27,3,Si migliore film offrire.
713,232,32,1,
714,233,9,1,
715,233,34,1,Magari porta molto ne legge.
716,233,37,1,
717,233,2,1,Cattivo russo completamente distinguere madre verità.
718,234,33,1,
719,234,26,3,
720,234,8,2,
721,234,2,2,
722,235,11,3,
723,236,27,3,
724,236,33,1,
725,236,2,3,Chiudere eccetera uomo.
726,237,18,2,
727,237,28,1,
728,237,25,3,
729,238,36,2,
730,238,39,2,
731,238,19,2,
732,239,13,1,Terreno provincia ecco verso signore principe.
733,239,10,3,
734,239,34,2,
735,240,27,3,
736,240,26,3,Coloro camera voltare.
737,240,25,1,
738,241,23,3,Carattere distruggere congresso normale amore facile.
739,241,33,1,
740,241,20,2,
741,241,11,2,
742,242,15,2,
743,243,19,3,
744,243,30,3,
745,243,8,1,
746,243,31,3,
747,243,4,2,
748,244,10,2,
749,244,21,1,
750,244,12,1,
751,244,6,2,
752,245,9,3,
753,246,1,3,
754,246,3,1,Chissà labbro vi morale cantare.
755,246,35,3,
756,246,13,3,
757,247,9,3,
758,247,7,1,
759,247,25,1,
760,248,22,1,
761,248,28,2,
762,248,9,1,
763,248,32,1,
764,248,23,1,
765,249,25,3,
766,250,7,3,Gusto materia chiedere.
767,251,8,3,
768,251,36,3,
769,251,17,1,
770,251,31,3,
771,252,27,3,
772,252,7,1,
773,253,34,3,
774,253,13,1,
775,253,23,2,Tirare civiltà verde nave meno.
776,254,8,3,
777,255,17,3,
778,256,3,2,Lontano elettrico tuttavia vino.
779,256,19,2,
780,257,9,3,
781,258,6,1,
782,258,24,2,Portare scappare quasi tentare finché cadere.
783,258,22,2,Succedere certamente necessità esso guardare silenzio.
784,259,8,3,
785,259,9,1,
786,260,40,2,
787,260,25,3,Fratello ferire papà contento misura.
788,261,3,1,
789,261,5,3,
790,261,17,3,
791,261,21,3,
792,262,7,3,
793,262,28,2,
794,262,16,3,Continuare avvertire sognare prato.
795,262,31,3,
796,262,23,3,Vi grave mamma.
797,263,32,2,
798,264,26,2,Pagare tuo svolgere fronte chissà solo.
799,264,16,2,
800,264,6,2,
801,264,30,1,Giugno addirittura foglia esso isola.
802,265,36,3,
803,266,36,1,Baciare quarto io volta scienza eh.
804,266,14,2,
805,266,30,3,
806,266,22,3,
807,266,24,3,
808,267,36,3,
809,267,34,1,
810,267,24,3,
811,268,8,1,
812,268,26,1,
813,269,8,1,Quasi importare sicurezza oro chiaro.
814,269,29,1,
815,269,30,1,
816,269,38,2,Loro speciale voce atteggiamento.
817,269,33,2,Richiedere badare immagine tavola importare nessuno.
818,270,7,3,
819,270,25,2,
820,271,18,2,Ricevere centrale conoscenza giovanotto neppure animo.
821,271,26,2,Si esporre noi levare.
822,272,20,1,
823,272,36,2,
824,272,21,3,
825,272,14,3,
826,272,13,1,
827,273,36,3,Sacro cittadino esempio.
828,273,31,3,
829,273,38,3,Capitare porta egli concetto svegliare piangere.
830,274,7,3,
831,274,2,2,
832,274,25,1,Campo dovere volto.
833,274,10,3,
834,274,4,1,
835,275,29,3,
836,275,7,1,
837,275,40,3,
838,276,25,2,
839,277,13,1,Ospedale frutto là.
840,277,40,3,
841,277,29,2,
842,278,19,1,Specie pensiero luce privato campo.
843,278,29,1,
844,279,18,1,
845,279,36,2,
846,279,17,2,
847,279,9,1,
848,280,20,1,
849,280,32,2,
850,280,37,1,
851,280,36,3,
852,280,23,3,
853,281,22,1,Quindi affrontare distinguere ogni chiesa lei.
854,281,24,3,
855,281,19,3,Fratello arma fronte.
856,282,16,2,Appoggiare energia personale automobile contatto.
857,282,40,1,
858,282,3,3,
859,282,21,1,Confessare battaglia ricchezza natura spesso sera presenza.
860,283,19,3,
861,284,35,1,
862,284,1,3,Domenica processo fuggire morale.
863,284,5,3,
864,284,14,3,Senso addirittura mi gettare maestro.
865,284,28,1,
866,285,6,1,
867,286,17,2,
868,286,27,2,
869,287,5,1,
870,287,38,3,
871,287,3,1,
872,287,23,2,
873,287,33,3,
874,288,19,3,Tenere colpire crisi medesimo servizio.
875,288,10,1,
876,288,20,1,
877,288,24,2,
878,288,1,1,
879,289,10,2,
880,289,11,1,
881,289,12,3,Parte servizio mio montagna necessità richiedere.
882,289,15,3,
883,289,40,3,
884,290,32,1,
885,290,22,1,In teatro camera.
886,290,23,2,
887,290,9,2,
888,290,16,2,
889,291,28,2,
890,291,11,1,
891,291,1,3,
892,292,30,2,
893,292,29,1,
894,292,23,1,Terreno luogo estremo.
895,292,20,1,Certamente invece voglia ministro verde.
896,293,5,1,Prova alzare secondo cultura.
897,294,14,3,
898,294,3,1,
899,294,36,1,Prevedere essere coscienza.
900,294,17,3,
901,294,35,2,
902,295,1,1,
903,295,16,1,
904,295,40,3,
905,295,11,1,
906,295,33,2,Inglese riferire buttare.
907,296,17,2,
908,297,25,1,
909,297,31,3,
910,297,30,3,Risultare riconoscere anno.
911,298,12,3,
912,298,25,1,
913,298,24,2,Ammazzare politico ordinare.
914,298,38,2,
915,298,5,2,Campagna direzione atteggiamento porto ricerca rivedere.
916,299,5,3,
917,299,33,1,
918,300,27,3,
919,300,22,3,
920,301,2,3,
921,301,16,1,
922,301,3,1,Correre successo congresso forse bambino smettere.
923,301,9,1,
924,302,37,2,
925,302,2,2,Ufficio fondo colore matrimonio.
926,302,19,1,
927,302,6,2,
928,302,14,3,Difesa numero bere offendere adesso crescere.
929,303,22,3,
930,303,30,1,
931,304,27,2,Vasto completamente ricco accadere.
932,304,10,3,
933,304,39,3,
934,304,7,1,
935,304,12,3,
936,305,34,3,
937,305,27,1,Territorio tendere soldato.
938,305,24,2,
939,305,3,2,
940,306,31,2,
941,306,15,3,
942,306,6,1,
943,307,14,1,
944,307,21,3,
945,307,27,2,Futuro opinione intorno usare concludere fra.
946,307,24,2,
947,308,27,3,
948,308,36,2,
949,309,9,3,Infine mestiere il riempire evitare.
950,309,8,1,
951,309,15,2,
952,309,29,3,
953,310,6,1,
954,311,6,3,
955,311,39,2,
956,311,3,3,
957,312,29,2,
958,312,1,3,
959,312,13,3,
960,312,34,1,
961,313,18,2,
962,314,6,3,
963,315,15,2,Buio celebrare rientrare pronto no.
964,315,39,3,
965,315,13,1,
966,316,8,3,Avvenire maniera giudizio.
967,316,33,3,
968,316,17,2,Ottenere estremo via invitare neppure.
969,317,30,1,
970,317,38,2,
971,317,2,1,
972,317,31,1,Vivere inoltre sonno stringere.
973,318,16,2,
974,318,19,2,
975,318,6,1,
976,319,32,1,
977,319,13,2,
978,320,8,1,
979,321,3,2,Treno gamba addirittura potere possibilità grazie.
980,321,31,3,Poiché avvocato chiaro gruppo oppure biondo.
981,321,24,2,
982,321,40,3,
983,321,21,1,
984,322,35,2,Attaccare vi finché orecchio.
985,322,3,1,
986,322,33,1,
987,322,23,2,
988,323,21,2,
989,324,40,2,
990,324,22,2,
991,324,24,2,
992,324,12,2,
993,325,7,1,
994,325,18,2,
995,326,34,3,
996,326,35,2,
997,327,4,2,
998,327,14,3,
999,328,17,2,Capello signora qualsiasi dunque provvedere.
1000,328,23,3,
1001,328,2,3,
1002,328,27,3,
1003,328,8,2,
1004,329,6,2,
1005,329,25,1,Ordinare richiedere scena tuo frase portare.
1006,329,40,3,Voglia merito chilometro latte capace.
1007,329,19,2,
1008,330,6,1,
1009,331,26,3,Marito pensiero cavallo bestia arma attenzione.
1010,331,18,2,
1011,331,29,1,
1012,331,24,1,
1013,331,38,3,
1014,332,5,2,
1015,333,7,2,
1016,334,29,1,
1017,334,9,3,
1018,334,34,2,Vero girare preferire.
1019,335,35,3,
1020,335,12,3,
1021,336,20,1,
1022,336,23,2,
1023,336,31,1,
1024,336,35,1,
1025,336,15,1,
1026,337,31,2,
1027,337,20,1,
1028,337,1,1,
1029,337,28,3,
1030,338,25,2,
1031,338,15,3,
1032,338,17,3,Esperienza pazzo ridere.
1033,338,6,3,
1034,339,12,1,
1035,340,32,1,Ringraziare salire coprire ponte mamma dito.
1036,340,13,1,
1037,340,21,1,
1038,340,2,1,
1039,340,10,3,
1040,341,27,2,
1041,341,20,1,
1042,341,32,1,
1043,342,17,1,
1044,342,25,3,
1045,343,30,3,
1046,343,7,1,
1047,344,36,3,
1048,345,14,1,
1049,346,8,3,
1050,346,26,2,
1051,346,16,1,
1052,346,1,1,
1053,346,3,2,
1054,347,23,3,
1055,348,36,3,
1056,348,23,3,
1057,348,29,3,
1058,349,35,3,
1059,349,32,2,
1060,349,13,2,
1061,350,19,2,
1062,350,17,3,
1063,350,35,3,
1064,350,24,1,
1065,351,25,1,
1066,351,13,2,
1067,351,34,2,
1068,351,32,3,
1069,351,36,1,Scrittore musica affrontare rifiutare volgere.
1070,352,7,3,
1071,352,3,2,
1072,353,24,1,
1073,354,30,3,
1074,355,40,2,
1075,356,7,1,
1076,356,15,1,
1077,356,35,1,
1078,356,25,3,
1079,356,13,1,
1080,357,7,2,
1081,357,11,3,
1082,357,12,3,
1083,357,36,2,Giudicare evitare gioco.
1084,358,21,3,
1085,358,39,3,Ampio comunque politica riunire stasera.
1086,358,16,2,
1087,358,37,2,
1088,359,2,2,Mandare cavallo punta maggiore.
1089,359,34,1,Nudo mancare neppure.
1090,359,9,1,
1091,359,20,3,Nuovo luce soltanto memoria governo mano.
1092,359,1,3,
1093,360,10,2,Partito fortuna vicino fantasia altro.
1094,360,9,1,
1095,360,17,2,
1096,361,31,3,
1097,361,12,1,
1098,361,32,2,
1099,362,23,1,Carne futuro scrivere.
1100,362,28,1,
1101,362,27,3,Alto strada finire bello foglia fratello.
1102,363,21,3,
1103,364,29,1,
1104,364,39,2,
1105,364,37,1,
1106,364,33,1,
1107,365,28,2,
1108,365,9,3,
1109,365,31,3,Arte difficoltà desiderio età avvocato.
1110,365,36,3,
1111,365,13,1,
1112,366,8,3,
1113,367,20,1,Specie calcio compagnia.
1114,368,13,1,
1115,368,24,1,
1116,369,1,2,
1117,369,22,1,
1118,369,8,3,
1119,370,31,3,Ferire lei sostenere notte successo dolce.
1120,370,40,3,
1121,370,10,1,
1122,370,2,1,
1123,370,25,3,
1124,371,24,2,Operazione vivo giornale giù né scorrere.
1125,371,7,3,
1126,371,2,2,
1127,372,35,2,
1128,372,6,3,
1129,372,12,1,Primo correre marito.
1130,372,13,2,
1131,372,33,2,
1132,373,16,1,
1133,373,33,2,Commercio escludere veramente coprire periodo.
1134,373,18,1,Signorina morte egli.
1135,374,6,3,Erba o scomparire.
1136,374,25,3,Realtà base sistema battaglia filo attento.
1137,375,20,3,
1138,375,39,3,
1139,375,22,3,
1140,375,29,1,Lotta coscienza salvare pieno esistere scienza.
1141,376,28,3,Popolazione europeo importare diretto metro.
1142,376,10,1,
1143,377,2,2,Concludere aggiungere programma sorriso odore costruire.
1144,377,21,2,
1145,378,9,1,
1146,379,15,3,
1147,379,39,1,
1148,379,2,3,
1149,379,23,3,
1150,379,6,2,
1151,380,18,2,
1152,381,40,1,
1153,381,32,1,
1154,381,21,2,
1155,381,30,2,
1156,382,34,1,
1157,383,36,2,
1158,384,19,2,
1159,384,30,1,
1160,384,11,1,
1161,385,12,3,Dolore persona scrittore solito svegliare.
1162,386,29,2,
1163,386,2,3,Qualunque aspetto controllo letto dietro regno.
1164,386,12,2,
1165,387,8,1,
1166,387,6,3,
1167,388,40,1,Sistema imparare sorgere tagliare.
1168,388,11,3,Smettere dolce effetto colore.
1169,388,25,1,
1170,388,36,1,
1171,388,3,3,
1172,389,19,1,
1173,389,12,2,
1174,389,8,2,Destino di ci altro sapere estero.
1175,389,9,3,Nome interessare piantare anche collina centrale.
1176,390,30,3,
1177,390,27,1,Sacrificio dubbio necessario piangere.
1178,390,29,2,
1179,390,6,3,Vario magari aiutare.
1180,391,3,3,
1181,391,10,1,
1182,391,37,2,Evitare errore assoluto.
1183,392,37,2,Studio possibilità stato greco signorina.
1184,392,36,1,
1185,392,12,2,
1186,392,30,2,Destino numeroso matrimonio.
1187,392,38,2,Minimo serie uguale.
1188,393,22,3,
1189,393,34,1,
1190,393,27,1,
1191,394,19,3,
1192,394,28,3,
1193,394,39,1,
1194,394,21,2,
1195,394,17,3,
1196,395,1,1,
1197,395,8,1,
1198,396,23,1,
1199,396,36,3,
1200,396,14,1,
1201,397,22,2,
1202,398,22,2,
1203,398,31,3,
1204,399,22,2,
1205,399,30,3,
1206,399,27,3,
1207,399,4,3,
1208,399,34,2,
1209,400,11,3,
1210,400,37,2,
1211,400,39,2,
1212,400,25,2,
1213,400,12,2,Direttore stasera di capace scoppiare ferro.
1214,401,8,1,
1215,401,24,1,
1216,402,34,1,Raggiungere scopo recare trascinare crisi bravo.
1217,402,20,3,
1218,402,21,1,
1219,402,10,1,
1220,403,39,1,
1221,404,2,3,Verde intero dirigere opinione.
1222,404,37,2,
1223,404,20,2,
1224,405,18,1,Monte produrre caffè nave loro dimenticare.
1225,405,8,3,
1226,406,10,1,
1227,406,19,2,
1228,406,37,2,
1229,407,7,2,
1230,408,29,1,
1231,408,40,3,Stagione trasformare fumare punta.
1232,408,23,1,Aiuto vendere pagina simile.
1233,408,20,2,
1234,408,22,1,Primo russo dietro.
1235,409,31,2,Giudizio personale produzione suo presenza morire.
1236,409,15,2,
1237,409,10,3,
1238,409,40,2,
1239,410,11,3,
1240,410,19,1,
1241,410,23,3,
1242,410,39,2,
1243,411,27,2,
1244,411,16,2,
1245,411,40,3,
1246,411,36,2,
1247,411,11,2,
1248,412,32,2,
1249,412,8,2,
1250,412,38,2,
1251,412,39,1,
1252,412,30,3,
1253,413,6,1,Sopra giusto tacere grado.
1254,414,29,2,
1255,414,35,3,
1256,415,28,3,
1257,415,23,3,
1258,415,6,1,Esercito trasformare richiedere errore.
1259,416,36,2,
1260,417,26,1,
1261,417,21,2,
1262,417,25,3,
1263,417,28,2,Teatro perdere stagione rimettere.
1264,417,35,1,
1265,418,10,3,Russo dopo avanti riunire mandare.
1266,419,30,1,
1267,419,39,2,
1268,419,28,2,
1269,419,40,1,
1270,420,33,2,Testa figlia industriale temere bianco.
1271,420,18,3,
1272,421,38,2,Prodotto memoria forte padre.
1273,422,30,3,Raggiungere latino alto aria peso perché.
1274,422,34,1,
1275,422,6,3,
1276,423,20,1,
1277,423,40,3,Abitare controllo esprimere.
1278,423,4,3,
1279,423,22,2,
1280,423,35,2,
1281,424,17,3,
1282,424,4,2,Avvenire classe mettere veramente servire riferire.
1283,424,31,3,
1284,424,38,2,
1285,424,11,3,
1286,425,17,3,
1287,425,1,3,
1288,425,8,3,
1289,426,3,1,Presidente salire famoso luna raccontare distruggere.
1290,426,22,2,
1291,426,6,1,
1292,426,10,3,
1293,426,39,1,
1294,427,4,1,
1295,428,15,3,Sera scappare contrario importare condizione spirito.
1296,428,25,1,
1297,428,31,2,
1298,428,17,2,Da ufficiale termine piantare pena svegliare.
1299,428,10,3,Conto professore comodo guardare insegnare.
1300,429,40,2,
1301,429,18,2,
1302,429,22,3,
1303,429,7,3,
1304,430,21,1,
1305,430,36,1,
1306,431,15,1,
1307,431,19,3,
1308,431,17,3,
1309,432,39,1,
1310,433,17,2,
1311,433,19,1,
1312,434,17,2,
1313,434,11,2,
1314,434,5,1,
1315,435,40,1,
1316,435,26,1,
1317,436,17,1,
1318,436,7,2,
1319,436,3,1,Ci uscire compagno notte.
1320,436,5,1,
1321,437,22,3,
1322,437,26,3,Puro interessante tendere.
1323,438,35,1,
1324,439,22,1,
1325,439,20,3,
1326,439,26,3,Sera mano da coraggio uccidere.
1327,440,13,1,Eh mano casa sonno.
1328,440,12,3,
1329,440,36,3,
1330,441,29,3,
1331,442,16,3,
1332,442,32,3,Credere senso qualunque conservare concludere salire.
1333,442,25,2,Elettrico dito passare.
1334,442,5,1,
1335,442,35,1,
1336,443,30,1,
1337,443,35,1,
1338,443,10,1,
1339,443,38,3,
1340,443,15,3,
1341,444,30,3,
1342,445,15,3,
1343,445,5,2,
1344,445,13,3,
1345,445,28,1,
1346,445,22,1,
1347,446,27,3,
1348,446,11,1,
1349,447,25,1,
1350,447,11,1,
1351,447,2,3,Generale presente legge accordo.
1352,447,32,2,
1353,447,6,2,
1354,448,16,3,
1355,448,12,2,
1356,448,40,1,
1357,448,3,2,
1358,449,40,2,Sperare vestito gridare.
1359,450,18,1,
1360,450,4,1,
1361,451,4,3,
1362,452,3,1,
1363,452,7,1,
1364,452,4,1,
1365,452,35,1,
1366,453,15,1,
1367,453,8,3,
1368,453,21,1,
1369,454,28,1,
1370,455,30,3,
1371,455,13,2,
1372,456,9,2,
1373,456,8,2,
1374,456,30,2,
1375,457,15,1,
1376,457,6,2,
1377,457,27,3,
1378,457,34,1,
1379,457,32,2,
1380,458,3,3,
1381,458,31,3,Provvedere proprio ragazza discutere.
1382,458,33,2,
1383,458,28,1,
1384,459,9,2,
1385,459,23,1,
1386,460,38,1,
1387,460,2,2,
1388,460,30,3,
1389,460,9,3,
1390,460,26,3,
1391,461,35,2,
1392,461,37,1,
1393,461,14,3,
1394,461,6,1,
1395,461,40,2,
1396,462,36,3,
1397,463,38,2,No aria tono.
1398,463,14,3,
1399,463,15,2,
1400,463,21,2,
1401,464,35,2,
1402,464,19,3,Svolgere zia treno vendere oro religioso.
1403,464,29,1,
1404,464,40,2,
1405,465,7,1,
1406,466,2,2,
1407,466,19,2,
1408,466,27,1,
1409,466,35,1,
1410,466,9,1,Accanto medio giovane.
1411,467,21,3,
1412,467,32,3,
1413,467,38,2,
1414,468,4,2,
1415,468,10,1,
1416,468,23,1,
1417,469,11,1,
1418,469,16,2,
1419,470,21,2,
1420,471,2,2,Possibile cattivo straniero animale concetto.
1421,472,33,3,
1422,472,22,3,
1423,472,19,2,
1424,472,31,1,
1425,472,37,1,
1426,473,29,1,
1427,473,23,3,
1428,474,13,3,Medico togliere stabilire cattivo.
1429,474,2,3,
1430,474,6,1,Prova intendere distruggere europeo villa.
1431,475,4,2,
1432,475,24,1,
1433,475,26,2,
1434,475,10,2,Spesa si religioso testa eccellenza sposare.
1435,475,28,1,
1436,476,27,1,
1437,476,9,2,
1438,476,38,3,Serio testa metà interessare come ragazzo.
1439,476,39,1,Riferire cielo solito poeta sbagliare arma.
1440,477,27,2,
1441,477,12,1,
1442,477,36,2,
1443,478,32,1,
1444,478,36,1,
1445,478,30,2,Arrestare confessare linea.
1446,479,27,3,
1447,479,12,1,
1448,479,32,2,
1449,480,37,3,Proporre interesse vostro tipo.
1450,480,28,2,
1451,480,17,3,
1452,480,31,2,
1453,481,23,1,
1454,481,11,2,
1455,482,33,1,
1456,483,21,3,
1457,483,20,1,
1458,483,18,3,
1459,483,24,2,
1460,483,7,1,
1461,484,40,2,
1462,484,34,1,
1463,484,35,1,Invece volare non.
1464,484,36,2,
1465,484,8,3,
1466,485,12,3,Mangiare smettere spazio capire bastare.
1467,485,20,1,
1468,485,2,3,
1469,486,8,2,
1470,486,5,1,
1471,486,2,3,
1472,486,31,1,
1473,487,8,3,
1474,488,10,3,Concludere comodo mentre donna.
1475,489,16,3,
1476,489,33,3,
1477,489,37,1,Costringere zio abito rimettere concludere tendere.
1478,489,5,1,Ripetere prato stella almeno.
1479,489,7,3,
1480,490,24,3,Grave opporre umano.
1481,490,38,1,Cittadino avere servire politico lato.
1482,490,12,2,
1483,490,29,3,
1484,491,9,3,
1485,491,32,2,
1486,491,24,2,
1487,491,19,3,
1488,491,36,3,Ordine accanto veramente poesia.
1489,492,13,1,
1490,492,5,3,
1491,492,31,1,
1492,492,24,3,
1493,493,7,2,
1494,493,11,2,
1495,493,5,2,
1496,493,24,2,
1497,493,13,3,
1498,494,26,2,
1499,494,32,2,
1500,494,33,1,
1501,494,18,1,
1502,494,10,3,
1503,495,39,3,
1504,495,21,1,
1505,495,10,3,
1506,495,20,2,
1507,496,22,1,
1508,496,35,2,Felice questo raccogliere usare nulla.
1509,496,2,2,
1510,496,3,1,
1511,496,28,3,Sostenere scena eccellenza sbagliare.
1512,497,20,2,
1513,497,25,3,
1514,498,31,1,
1515,498,36,2,
1516,498,11,2,
1517,498,33,2,
1518,499,24,3,
1519,499,23,3,
1520,500,23,3,
1521,500,4,3,
1522,500,16,2,
1523,500,20,1,
1524,501,37,1,
1525,501,33,3,
1526,501,27,2,
1527,501,18,2,
1528,502,22,3,Nazionale padre basso.
1529,502,32,3,
1530,503,32,3,
1531,503,5,2,
1532,504,38,1,
1533,505,28,3,Con vecchio sotto bagno.
1534,505,14,3,Colpire riunire ecco resto.
1535,505,23,2,
1536,505,5,2,
1537,506,12,1,
1538,506,2,3,Cane mancare intanto.
1539,506,34,2,Suonare paese fresco bellezza.
1540,506,37,3,Mese male stato luce nostro.
1541,506,32,2,Bambina infatti gatto conoscere perciò.
1542,507,16,3,
1543,507,10,2,Anima fino levare.
1544,508,18,3,
1545,508,19,2,
1546,508,11,1,
1547,508,17,1,
1548,509,28,2,
1549,509,3,2,
1550,509,13,2,
1551,509,11,1,
1552,510,6,2,
1553,511,26,3,Pianura provvedere togliere moderno.
1554,512,34,3,Avvicinare limitare autorità scena esempio vita.
1555,513,39,2,
1556,513,8,3,
1557,514,18,2,
1558,514,29,3,
1559,515,35,3,
1560,515,28,2,Simile ministro epoca appena.
1561,515,31,1,
1562,516,3,2,
1563,516,4,3,
1564,516,16,3,
1565,516,17,1,Tedesco messa meritare.
1566,516,36,2,
1567,517,20,1,Battaglia polizia nudo direzione diritto.
1568,517,14,3,
1569,518,31,1,Ripetere affatto rapporto.
1570,518,27,3,
1571,518,22,1,
1572,518,28,3,
1573,519,12,3,
1574,520,21,1,
1575,520,37,3,
1576,520,6,3,
1577,521,29,2,
1578,521,31,3,Concetto condurre grado avvertire sposare.
1579,521,9,2,
1580,522,37,3,
1581,522,15,1,Evitare quale riconoscere lago.
1582,522,2,2,
1583,522,36,3,Finire temere scrivere costa.
1584,523,10,1,Relazione paese spesa.
1585,523,6,1,
1586,523,24,3,
1587,524,13,2,
1588,524,18,2,
1589,525,13,2,
1590,525,27,1,
1591,525,12,2,
1592,526,6,2,Intenzione affrontare grazia.
1593,526,1,2,
1594,526,31,3,
1595,526,9,2,
1596,527,22,1,
1597,528,3,2,
1598,528,1,2,
1599,528,17,1,Completamente lui principale.
1600,528,33,3,
1601,528,40,1,
1602,529,6,3,
1603,529,21,1,
1604,530,24,2,
1605,530,28,2,
1606,530,19,2,Qualunque esperienza secolo partito primo vario.
1607,531,29,1,
1608,531,4,2,
1609,531,13,2,
1610,531,10,2,
1611,531,15,2,Scomparire baciare cavallo consiglio sedere.
1612,532,8,1,
1613,532,23,2,
1614,533,14,1,
1615,533,38,1,
1616,533,1,2,
1617,533,34,2,
1618,533,37,3,Sorella cosa piazza piccolo.
1619,534,21,1,
1620,535,39,1,
1621,535,1,2,
1622,535,22,3,Simile soprattutto movimento azione riportare.
1623,536,21,3,Lontano albergo cominciare.
1624,536,4,2,
1625,536,5,2,
1626,537,25,2,
1627,537,26,3,
1628,538,39,3,
1629,538,9,2,
1630,538,23,2,
1631,539,6,1,
1632,539,28,2,
1633,539,24,3,
1634,539,40,2,
1635,540,34,1,Ragione isola maestro.
1636,540,6,2,
1637,540,19,1,
1638,540,30,2,Sorgere ombra convincere.
1639,540,28,3,
1640,541,7,3,
1641,541,33,2,
1642,541,28,3,
1643,541,27,3,
1644,541,30,3,
1645,542,21,3,
1646,542,38,2,
1647,542,30,1,
1648,543,28,3,
1649,544,26,3,Serio governo figura bisogno società insomma.
1650,544,39,3,
1651,544,32,3,Soffrire raggiungere organizzare neppure elevare.
1652,544,20,3,
1653,545,2,3,Grosso messa qualità trarre superare speciale.
1654,546,28,1,
1655,546,35,2,
1656,547,32,3,
1657,547,31,2,
1658,547,2,2,
1659,547,29,1,
1660,548,39,2,
1661,548,36,3,
1662,548,19,3,Pubblicare modo industriale faccia.
1663,548,3,2,
1664,548,32,1,
1665,549,27,2,
1666,549,31,3,
1667,549,8,3,
1668,550,15,3,Dolore piazza storia.
1669,550,33,3,
1670,550,38,1,Mano treno fondare.
1671,550,22,3,
1672,551,11,3,
1673,551,40,3,
1674,551,14,1,
1675,551,19,3,
1676,552,2,2,Aiuto eh contadino fissare dentro.
1677,553,3,3,
1678,553,5,3,
1679,553,22,2,Operaio presenza tentare solo.
1680,553,28,2,
1681,553,8,3,
1682,554,4,2,
1683,555,36,1,
1684,556,11,3,
1685,556,19,1,
1686,556,29,2,
1687,557,1,2,
1688,557,16,1,
1689,557,31,3,
1690,557,22,2,
1691,558,15,2,Caso entrare provincia utile sforzo.
1692,558,9,3,
1693,558,28,2,Sangue scappare sistema paura e.
1694,558,27,2,
1695,559,22,2,
1696,560,10,3,
1697,561,27,2,
1698,561,26,2,Portare caro contro.
1699,561,36,1,Mandare saltare tu maniera desiderio niente.
1700,562,14,3,
1701,562,35,3,
1702,562,40,1,Fresco distruggere prato.
1703,562,29,1,
1704,563,34,2,
1705,563,35,3,
1706,564,2,3,
1707,565,8,2,
1708,565,4,3,Sereno stringere amico assoluto.
1709,565,24,2,
1710,565,17,3,
1711,565,33,2,Calcio davanti nord maggio voltare.
1712,566,39,3,
1713,566,15,3,
1714,566,23,1,
1715,566,20,3,
1716,566,19,1,
1717,567,10,3,
1718,568,31,2,
1719,568,14,3,
1720,569,38,2,
1721,569,32,2,
1722,569,28,2,Riportare riprendere no studiare solito.
1723,570,9,3,
1724,570,33,2,
1725,570,34,1,Paese bocca aprire uccidere scala valore.
1726,570,8,2,Vestito riva parere.
1727,571,19,2,
1728,571,3,2,
1729,571,34,2,
1730,571,10,1,
1731,571,8,3,
1732,572,1,1,Senso animo braccio.
1733,572,8,2,
1734,572,36,2,
1735,572,23,2,
1736,573,30,3,
1737,573,29,2,
1738,573,10,2,
1739,573,21,1,Camminare correre frutto quarto proprio riempire massimo.
1740,573,6,2,
1741,574,20,3,
1742,574,36,1,Cittadino fumare segreto.
1743,574,8,3,
1744,574,6,2,
1745,574,13,1,
1746,575,38,1,Soffrire intero impressione.
1747,575,29,3,
1748,576,22,2,
1749,577,8,1,
1750,578,20,3,
1751,578,27,3,Diffondere scrittore finire.
1752,579,21,1,
1753,580,4,1,
1754,581,25,2,
1755,581,8,1,
1756,581,18,2,
1757,581,4,1,
1758,581,21,3,
1759,582,37,1,Compiere dividere pubblico impossibile perché diffondere.
1760,582,27,3,
1761,582,29,1,
1762,583,29,2,
1763,583,3,1,
1764,583,1,2,
1765,583,30,2,Industriale decidere scendere importanza immagine leggere.
1766,583,40,2,Salutare frutto amare chiedere accordo scoppiare.
1767,584,3,3,
1768,584,11,1,
1769,584,35,1,Avvocato fabbrica viso.
1770,585,22,2,
1771,585,17,2,
1772,585,29,2,Intenzione grande ancora termine.
1773,586,39,2,
1774,587,26,3,
1775,587,35,3,
1776,587,6,1,
1777,587,5,2,Sud ascoltare perdere.
1778,588,8,2,
1779,589,23,3,
1780,589,13,3,
1781,589,6,2,Verso indicare stato produzione spettacolo qualche.
1782,590,14,2,
1783,590,1,2,
1784,590,13,1,
1785,590,26,3,
1786,590,8,3,
1787,591,17,1,Sì accogliere durante modo tendere.
1788,591,37,3,
1789,592,40,2,
1790,592,17,3,
1791,592,36,2,
1792,592,30,2,
1793,592,1,3,
1794,593,4,2,
1795,593,18,2,
1796,594,15,3,
1797,595,7,1,
1798,596,16,1,Istante corrente naturale rosso pietra.
1799,596,7,1,Stella riva gusto continuo esercito.
1800,596,31,3,
1801,597,29,3,
1802,598,9,1,Motivo giù puro.
1803,599,5,1,
1804,599,7,2,
1805,599,4,3,
1806,599,36,1,Milione musica costruire.
1807,600,28,3,Nemico militare riconoscere collo altro sapere.
1808,600,40,1,
1809,600,7,2,
1810,600,22,1,
