BookID,Title,Author,Genre,SupplierID
1,Successo preciso classe invece.,Matteo Mannoia,Romanzo,1
2,Prima lavoro esistere zona.,Serena Soranzo,Fantasy,4
3,Determinare nuovo.,Aria Malaparte,Giallo,3
4,Albergo serio grazie.,Agnolo Zichichi,Romanzo,9
5,Tagliare regione.,Roberta Luciani,Romanzo,10
6,Pane forte permettere.,Donatella Gregori,Sci-Fi,1
7,Pensiero suo pianta.,Lodovico Rossetti,Romanzo,2
8,Oggetto qui.,Carlo Malacarne,Giallo,4
9,Religioso comune cattivo muovere.,Mirko Turchi,Storia,10
10,Tardi servire disporre sentimento.,Santino Malacarne,Romanzo,9
11,Scienza limitare attuale ricco.,Gianluca Petrucelli,Giallo,9
12,Fuori sacro adesso mostrare latte.,Giada Iacobucci,Sci-Fi,4
13,Giovane personaggio gente potere lingua.,Donatella Zamorani,Sci-Fi,10
14,Tavolo cui assoluto senso.,Imelda Marangoni,Fantasy,1
15,Camera anzi ancora vuoto.,Daniele Cagnotto,Giallo,7
16,Stella celebrare lato.,Germana Vecoli,Fantasy,5
17,Operaio qualunque stato più.,Roberta Stein,Giallo,4
18,Immaginare umano amico genere invitare.,Gianpietro Orlando,Fantasy,2
19,Vino gamba.,Zaira Offredi,Romanzo,7
20,Gridare considerare.,Dario Santorio,Romanzo,6
21,Ponte peso.,Cassandra Argentero,Fantasy,10
22,Romano difficile.,Dino Zeffirelli,Fantasy,1
23,Attenzione riguardare corso.,Giampiero Giannone,Sci-Fi,9
24,Risultare rosso organizzare dovere.,Ennio Cesarotti,Romanzo,7
25,Dire comprendere polizia allora affare.,Monica Giolitti,Romanzo,9
26,Fede comprendere aria reale misura.,Lucrezia Boccaccio,Fantasy,10
27,Italiano frutto ordinare lasciare.,Gianfrancesco Battaglia,Fantasy,10
28,Esercito piacere americano zitto sociale.,Pompeo Cannizzaro,Giallo,2
29,Provocare invitare subito fatto.,Enrico Bodoni,Romanzo,4
30,Dottore perfino ne.,Manuel Parri,Fantasy,2
31,Momento lato pagina bestia profondo.,Serena Villadicani,Giallo,2
32,Insieme stesso importare.,Ramona Sanguineti,Sci-Fi,5
33,Impressione battere innamorare porre.,Nico Corradi,Sci-Fi,6
34,Attendere servizio bastare bello.,Loretta Palmisano,Giallo,6
35,Niente opera nord.,Marcello Castellitto,Fantasy,4
36,Forza porre resistere speciale.,Licia Bergoglio,Fantasy,2
37,Ottenere forse offendere.,Giacomo Costalonga,Storia,3
38,Da bruciare situazione gamba.,Mariana Ligorio,Storia,4
39,Davanti insegnare non ringraziare paura.,Gianna Volta,Giallo,8
40,Parecchio poiché.,Griselda Interminei,Sci-Fi,5
41,Concludere programma.,Lodovico Morosini,Storia,4
42,Accendere speranza notizia gruppo.,Elmo Baglioni,Fantasy,1
43,Regno creare.,Piero Sansoni,Giallo,1
44,Ciò estremo felice trovare.,Cassandra Brenna,Fantasy,7
45,Civile ricerca.,Armando Bragadin,Fantasy,2
46,Invitare infine pane.,Pierluigi Leblanc,Giallo,10
47,Ricerca calcio insieme.,Ippazio Spinelli,Fantasy,4
48,Portare anzi grazia osservare accettare.,Leone Franceschi,Sci-Fi,7
49,Rifiutare elemento cane.,Stefano Ricci,Sci-Fi,3
50,Caro montagna dedicare.,Annalisa Nolcini,Fantasy,3
51,Greco reale.,Raffaello Antonini,Giallo,9
52,Tenere sorriso occhio o.,Jolanda Procacci,Storia,5
53,Caldo aiuto felice.,Nina Sbarbaro,Storia,7
54,Badare sistema difficile opinione.,Venancio Bosurgi,Storia,7
55,Speranza regno cultura ritrovare.,Beppe Tonisto,Fantasy,4
56,Momento contatto.,Maura Necci,Giallo,9
57,Quanto segretario sede destro.,Ennio Guarato,Sci-Fi,2
58,Comprare circa ricordo.,Benvenuto Eco,Romanzo,2
59,Mano ricerca ridere labbro territorio.,Annunziata Miniati,Giallo,3
60,Faccia intorno limitare perdere sangue.,Camilla Bertoni,Sci-Fi,10
61,Meno estero lasciare arte.,Rita Ludovisi,Romanzo,7
62,Piangere viaggio.,Carlo Tolentino,Sci-Fi,10
63,Letto nero sala studiare.,Roberto Farinelli,Sci-Fi,9
64,Pagare mattina usare lanciare.,Paola Munari,Fantasy,9
65,Medio comporre.,Gioffre Romiti,Romanzo,2
66,Minore parere funzione tedesco.,Osvaldo Pizziol,Storia,5
67,Preferire aria perciò figurare.,Marcello Caccioppoli,Fantasy,2
68,Preciso eccetera quale poesia svegliare.,Tatiana Conti,Fantasy,7
69,Avere popolazione tecnico estendere.,Filippa Pergolesi,Giallo,8
70,Orecchio tratto estendere.,Nicola Mondaini,Romanzo,5
71,Possedere serie ragione.,Giulietta Troisi,Storia,3
72,Pianta infine.,Milo Antonetti,Storia,2
73,Estate umano fino rimanere.,Fredo Gemito,Fantasy,9
74,Città eppure rosso.,Tonino Vecellio,Storia,4
75,Ancora filo rimanere caso gioco.,Ettore Fabbri,Giallo,6
76,Scrittore cominciare internazionale impedire pranzo.,Gilberto Ruggeri,Giallo,9
77,Ecco rendere labbro morale estate.,Paloma Scotto,Storia,1
78,Gamba udire vita.,Romolo Lombardo,Storia,6
79,Medesimo incontrare coloro contro.,Claudia Cicilia,Sci-Fi,1
80,Aria là gente.,Claudio Tozzi,Romanzo,6
81,Ecco riferire donna.,Ubaldo Comeriato,Fantasy,4
82,Base tagliare segnare stasera.,Alfredo Pozzecco,Romanzo,4
83,Grazie giallo.,Orlando Bragadin,Storia,2
84,Da famiglia bere pubblico.,Mario Comboni,Romanzo,8
85,Andare tedesco lo.,Rita Cignaroli,Romanzo,9
86,Labbro accanto autorità discorso.,Romana Conte,Giallo,3
87,Triste parecchio infatti ritenere determinare.,Dario Bellocchio,Sci-Fi,9
88,Indicare saltare legare.,Costantino Tartaglia,Giallo,5
89,Morte perfetto occhio puro elevare.,Achille Niscoromni,Storia,10
90,Numero conseguenza posare.,Venancio Onio,Sci-Fi,4
91,Unico naturale.,Michela Tomaselli,Storia,4
92,Aiutare spettacolo annunciare giungere giallo.,Ludovica Antelami,Fantasy,7
93,Rosso fiume quindi pensiero.,Martina Montanelli,Fantasy,8
94,Antico nave secolo.,Federico Scarpa,Storia,8
95,Perdere scusare assoluto ritenere.,Roman Barese,Romanzo,4
96,Convincere sacro stato.,Luchino Mastroianni,Giallo,2
97,Gridare sede lontano anche piantare.,Ivan Novaro,Fantasy,1
98,Spalla figlia.,Delfino Pacelli,Storia,9
99,Storia recare stringere giungere.,Flavio Tamburello,Giallo,10
100,Gamba sapere dolce avvenire.,Pietro Bosurgi,Giallo,1
101,Padre sembrare naturalmente fatica.,Bernardo Mondadori,Romanzo,1
102,Essa padrone inizio.,Graziella Ruggeri,Giallo,2
103,Istituto quanto tale particolare.,Raffaellino Leoncavallo,Romanzo,6
104,Attuale persona.,Mirco Toscanini,Romanzo,9
105,Unico chiamare pane.,Melissa Roncalli,Giallo,5
106,Carattere destino.,Fabia Ottino,Sci-Fi,4
107,Giro notte pagare preferire.,Napoleone Palazzo,Storia,3
108,Riferire o molto gridare.,Federica Ligorio,Storia,10
109,Valere almeno conoscenza.,Ugolino Pederiva,Sci-Fi,4
110,Camminare risultare promettere costruzione parlare.,Griselda Stradivari,Sci-Fi,7
111,Capello solito lasciare.,Vittoria Russo,Giallo,2
112,Scuola venire.,Lucio Napolitano,Romanzo,7
113,Neanche elettrico.,Leonardo Cristoforetti,Fantasy,7
114,Saltare mentre cantare.,Galasso Cignaroli,Sci-Fi,8
115,Sacrificio almeno neppure.,Nanni Schicchi,Romanzo,2
116,Carta stare atteggiamento gridare punto.,Sante Trincavelli,Romanzo,7
117,Riportare senso attorno vero.,Eva Borgia,Fantasy,2
118,Libero mezzo carne serie.,Amanda Faggiani,Giallo,4
119,Intanto tagliare arrivare.,Delfino Travaglia,Giallo,9
120,Esporre coloro trarre.,Gianluca Muti,Sci-Fi,3
121,Strumento smettere dire pericoloso necessario.,Dino Marcacci,Sci-Fi,3
122,Monte mattino comodo trovare cittadino.,Flora Moresi,Fantasy,8
123,Animale sostenere avere ufficio risolvere.,Giustino Fracci,Giallo,2
124,Improvviso personale massa pensare elettrico.,Leone Soranzo,Sci-Fi,9
125,Scomparire presenza errore.,Benito Bianchini,Romanzo,1
126,Intero madre corpo.,Clelia Colletti,Storia,1
127,Sorridere famoso voi foglia.,Pasqual Ceschi,Romanzo,4
128,Metro bravo difesa capello.,Roberto Granatelli,Giallo,7
129,Bello elettrico giudicare.,Dina Prodi,Sci-Fi,8
130,Valore sud secolo.,Aurora Mazzeo,Giallo,7
131,Riferire massa metro.,Telemaco Mascagni,Romanzo,3
132,Albero tutto meglio vendere.,Giampiero Niscoromni,Sci-Fi,1
133,Aprire mantenere.,Tonia Segrè,Sci-Fi,5
134,Mostrare sociale insistere.,Tonia Iannucci,Sci-Fi,5
135,Rifiutare fuori gruppo numero.,Fulvio Orlando,Sci-Fi,9
136,Eh giungere lanciare neanche sentire.,Eleanora Casaleggio,Sci-Fi,3
137,Vi grande salvare.,Martino Zabarella,Giallo,5
138,Ricerca contrario mentre matrimonio.,Antonino Barozzi,Giallo,1
139,Provvedere scienza migliore.,Enzio Totino,Storia,9
140,Fermo parte colpa.,Dina Mannoia,Romanzo,6
141,Filo sereno montagna prossimo escludere.,Patrizia Antonacci,Romanzo,1
142,Fiducia buio improvviso essere.,Vittoria Avogadro,Storia,8
143,Loro vendere rivelare ritenere offendere.,Licia Bergoglio,Storia,9
144,Là minuto qualche risultare giovane.,Pina Golgi,Giallo,1
145,Né produzione.,Franco Antonini,Storia,2
146,Europeo cielo prima impedire.,Matilda Serao,Giallo,2
147,Proporre mi.,Annamaria Modiano,Storia,2
148,Mio europeo comporre tanto.,Massimo Vergassola,Giallo,7
149,Pranzo speciale prendere scienza.,Giustino Sorrentino,Romanzo,10
150,Usare dunque esame.,Lazzaro Lussu,Giallo,10
151,Prima male luogo.,Annalisa Legnante,Storia,1
152,Capace pranzo giorno.,Paolo Murri,Storia,2
153,Elettrico egli pubblicare.,Mattia Roth,Sci-Fi,10
154,Relazione costruzione sereno.,Greco Zanazzo,Storia,9
155,Centro partire opera.,Gioachino Benussi,Fantasy,5
156,Dare descrivere bianco fianco lira.,Giulia Cibin,Giallo,6
157,Vasto vicino.,Ermenegildo Pisaroni,Giallo,5
158,Lui contro vasto fatica.,Fabia Bianchi,Sci-Fi,3
159,Pietra dentro.,Loretta Baresi,Fantasy,8
160,In significare tranquillo.,Amleto Petrucelli,Fantasy,2
161,Conoscere rendere spesa elemento.,Angelo Almagià,Romanzo,8
162,Notte breve vista.,Ippazio Santi,Storia,10
163,Minuto storia causa medico donna.,Paloma Carducci,Romanzo,2
164,Colpa leggere disporre conoscenza.,Loredana Morellato,Storia,4
165,Notte riconoscere comune.,Simonetta Pisacane,Storia,5
166,Metro azzurro posizione congresso.,Elladio Sismondi,Giallo,6
167,Trascinare accendere giro istituto.,Goffredo Monicelli,Romanzo,4
168,Ognuno né dito.,Michelotto Gilardoni,Fantasy,5
169,Porto liberare.,Ermes Pisacane,Giallo,8
170,Termine stella riprendere prima.,Eugenia Malacarne,Storia,5
171,Partecipare croce cattolico circa.,Ludovica Paltrinieri,Storia,9
172,Profondo tanto riconoscere scendere.,Raffaella Galeati,Romanzo,9
173,Prendere organizzare rompere.,Vincentio Sabbatini,Fantasy,2
174,Promettere autore notare assicurare nazione.,Toni Finzi,Giallo,5
175,Mostrare colpo soltanto invece prendere.,Letizia Stefanelli,Romanzo,2
176,Su isola.,Arsenio Sanguineti,Storia,3
177,Messa lavoro articolo.,Romolo Mascagni,Fantasy,5
178,Grazie segnare.,Lucrezia Gaito,Storia,4
179,Attore infine produzione musica aspetto.,Vincenza Bompiani,Fantasy,4
180,Americano immagine riportare rimanere.,Lina Pugliese,Fantasy,9
181,Volta girare spegnere svegliare.,Nicola Botticelli,Sci-Fi,5
182,Cattolico sorgere campagna volta grado.,Dionigi Garobbio,Romanzo,2
183,Richiedere villa.,Ronaldo Verdi,Sci-Fi,5
184,Montagna senso dinanzi folla.,Guido Farnese,Romanzo,1
185,Amico politico.,Diana Anichini,Fantasy,3
186,Corsa biondo ammazzare.,Caterina Bellò,Fantasy,3
187,Rappresentare guardia desiderare.,Gian Bertoni,Sci-Fi,9
188,Medico elemento sedere.,Lisa Meucci,Sci-Fi,9
189,Oro posto fantasia esistere chiaro.,Fortunata Tremonti,Romanzo,2
190,Importanza dottore niente.,Camilla Dulbecco,Romanzo,3
191,Preferire nessuno appartenere fiume piacere.,Orazio Trezzini,Storia,1
192,Problema immaginare escludere confronto.,Adele Sforza,Fantasy,10
193,Sognare esempio proposta.,Olga Scaramucci,Storia,3
194,Normale venire.,Anita Turati,Sci-Fi,3
195,Giusto diritto fianco.,Bernardo Salgari,Romanzo,5
196,Basso qualità considerare domanda.,Giada Barracco,Fantasy,1
197,Consentire riempire.,Lidia Zaccardo,Fantasy,4
198,Luogo spegnere figlio.,Alberto Franscini,Giallo,2
199,Valore camminare zona.,Sante Golgi,Fantasy,9
200,Promettere greco dichiarare fatto eccellenza.,Rosario Ubaldi,Sci-Fi,10
201,Esso fretta stanza libero.,Ninetta Seddio,Giallo,4
202,Tavola gente importare normale.,Gianfrancesco Combi,Giallo,3
203,Distruggere trarre.,Barbara Procacci,Sci-Fi,1
204,Cioè festa giorno.,Roberta Gozzano,Giallo,6
205,Necessario tuo finalmente riferire.,Severino Storladi,Sci-Fi,4
206,Comodo salvare compagnia quadro.,Severino Falier,Fantasy,3
207,Volere usare minore signore attraversare.,Paulina Bellò,Romanzo,7
208,Importante sinistro.,Gianni Boldù,Romanzo,8
209,Accompagnare meglio gettare.,Dolores Soranzo,Giallo,4
210,Affatto montagna imporre affermare.,Licia Leoncavallo,Sci-Fi,6
211,Viaggio affermare secolo potenza scoppiare.,Ferdinando Canevascini,Fantasy,4
212,Minuto difendere.,Donatella Troisi,Giallo,1
213,Sede dolore greco.,Nico Pisani,Giallo,7
214,Notevole volere dare presente.,Sandra Bottigliero,Fantasy,5
215,Bastare giornata.,Amanda Silvestri,Romanzo,5
216,Permettere programma.,Bruno Tartaglia,Fantasy,9
217,Piano fiducia viaggio vestire.,Virginia Tropea,Sci-Fi,9
218,Dedicare successo.,Greca Zito,Fantasy,1
219,Domenica territorio presente durare.,Alessia Zarlino,Romanzo,5
220,Concetto sogno.,Alderano Fogazzaro,Giallo,10
221,Chiave seguito seguito titolo escludere.,Annetta Giunti,Fantasy,1
222,Si già studiare fiducia ricevere.,Elladio Bossi,Romanzo,10
223,Regione folla bene dentro.,Benvenuto Morricone,Sci-Fi,6
224,Riportare università greco risposta amare.,Guarino Salieri,Fantasy,7
225,Decidere nemmeno giocare conoscenza.,Bettina Parmitano,Storia,9
226,Rispetto epoca.,Gioffre Borghese,Romanzo,7
227,Dolore giorno.,Mercedes Cossiga,Storia,4
228,Facile bravo accanto esso.,Michelotto Jilani,Fantasy,1
229,Cattivo conseguenza.,Ricciotti Volta,Sci-Fi,1
230,Mese bisogno bagno neppure origine.,Mercedes Mocenigo,Storia,9
231,Addirittura importare ritrovare qualità.,Annalisa Golino,Giallo,6
232,Militare presenza compagnia domanda domanda.,Ennio Bocca,Sci-Fi,2
233,Interessante industria madre.,Beppe Onisto,Fantasy,10
234,Tuttavia qualche mare.,Dina Ferrata,Fantasy,2
235,Breve espressione ufficio figlia.,Donatella Parmitano,Fantasy,9
236,Intorno insistere senso pieno.,Carolina Ciampi,Fantasy,7
237,Fantasia udire controllo.,Luca Einaudi,Fantasy,7
238,Vento energia probabilmente mancare.,Aria Golgi,Fantasy,9
239,Gioco segnare grado calcio.,Annetta Filippini,Giallo,4
240,Zia concetto ringraziare alto quanto.,Isabella Foscari,Sci-Fi,7
241,Sbagliare servizio attesa società.,Natalia Pizziol,Giallo,10
242,Certamente esperienza direzione cittadino.,Piersanti Paolucci,Storia,5
243,Labbro oro.,Berenice Piccio,Sci-Fi,9
244,Memoria tendere principale natura sacro.,Michelotto Valier,Romanzo,5
245,Personaggio avvocato ripetere poeta fra.,Fabrizia Battisti,Fantasy,4
246,Vista prato grosso ricchezza vedere.,Puccio Camuccini,Sci-Fi,10
247,Bere cultura.,Ludovica Travaglio,Storia,6
248,Oggi occhio istante godere rispetto.,Bianca Tartini,Sci-Fi,8
249,Foglia allontanare bosco.,Pierluigi Briccialdi,Sci-Fi,4
250,Servizio quello.,Maurilio Mazzacurati,Storia,8
251,Lavorare corsa macchina luce.,Raimondo Samele,Giallo,2
252,Attendere antico provare albero.,Massimo Cantimori,Fantasy,9
253,Toccare rapporto mettere.,Amanda Curatoli,Storia,6
254,Nome uscire dente gusto.,Fiorino Fantozzi,Romanzo,4
255,Grazia raggiungere stanza lago.,Pomponio Pellegrini,Fantasy,4
256,Pronto correre.,Marcella Boaga,Giallo,3
257,Bisognare spesa conoscere ferire legare.,Giuseppe Stein,Romanzo,1
258,Vedere europeo giusto grado calcio.,Mauro Satriani,Giallo,8
259,Comporre potenza scegliere temere opporre.,Giada Chigi,Storia,2
260,Camminare esprimere confessare principio.,Tullio Pedroni,Sci-Fi,7
261,Organizzare occasione infatti maggio.,Adele Dossi,Storia,4
262,Commercio elemento conseguenza simile passione.,Stefania Oliboni,Sci-Fi,8
263,Maestro contento.,Oreste Zampa,Sci-Fi,4
264,Pietà immagine mandare prova.,Renzo Staglieno,Giallo,1
265,Avvenire ambiente ridurre.,Lamberto Balbo,Romanzo,7
266,Da eh riuscire.,Annunziata Taliercio,Giallo,3
267,Meritare né dolore natura volgere.,Alessandra Bassi,Storia,8
268,Nave volere bisognare serio.,Luisa Gramsci,Romanzo,9
269,Spiegare amico divenire.,Sophia Broschi,Giallo,2
270,Sotto camminare scusare coscienza.,Loredana Nicolini,Sci-Fi,3
271,Perfino cominciare certamente corsa corso.,Atenulf Nicolini,Sci-Fi,9
272,Duro movimento fede promettere elemento.,Goffredo Toso,Storia,10
273,Celebrare resistere.,Piergiorgio Bianchi,Fantasy,8
274,Spazio caratteristico spalla.,Gionata Comboni,Storia,9
275,Serie riempire pranzo male.,Aurora Ioppi,Sci-Fi,9
276,Importare lasciare pericolo stagione basso.,Uberto Lettiere,Sci-Fi,3
277,Latte malattia ognuno specie.,Rossana Caboto,Sci-Fi,8
278,Pericoloso procedere sogno salvare.,Paride Gaito,Fantasy,4
279,Sentimento mano favore eccellenza.,Allegra Ceschi,Fantasy,9
280,Sole rosso stringere rientrare apparire.,Elena Savorgnan,Sci-Fi,4
281,Capitare sopra.,Ranieri Saraceno,Fantasy,8
282,Volontà inoltre.,Gloria Cherubini,Romanzo,5
283,Collina tornare dopo.,Filippa Onio,Giallo,5
284,Avvenire popolo piazza.,Arnaldo Petrocelli,Fantasy,6
285,Esprimere produrre desiderare poco promettere.,Achille Fuseli,Storia,2
286,Autore ordinare migliore isola.,Agnolo Munari,Giallo,3
287,Voi industriale cattivo.,Benedetto Germano,Giallo,7
288,Bagno scopo bisogno gamba.,Leonardo Ciani,Giallo,4
289,Risposta ricchezza cattolico volta.,Emilio Bombieri,Romanzo,7
290,Nostro parere colpo forse costruire.,Luigina Corbo,Sci-Fi,6
291,Partire inverno crisi studio.,Elladio Castioni,Storia,8
292,Quello forse insieme sacro dinanzi.,Fabia Branciforte,Sci-Fi,1
293,Nemmeno ottenere pane.,Melania Avogadro,Giallo,7
294,Correre pane consentire.,Ottone Malaparte,Sci-Fi,10
295,Rivolgere saltare.,Gino Taliani,Romanzo,10
296,Cadere materia ordinare modo.,Alberico Onisto,Sci-Fi,8
297,Cattivo sorprendere nudo fuoco.,Giuliana Dossetti,Romanzo,6
298,Università riprendere affermare attento.,Giuseppe Gadda,Fantasy,7
299,Termine ufficio.,Paride Toldo,Sci-Fi,9
300,Per mattina impossibile.,Iolanda Pignatti,Storia,10
